0,上海市儿童医院
1,上海交通大学医学院附属新华医院
2,国家远程与互联网医学中心皮肤科专委会
3,北京大学人民医院
4,新疆维吾尔自治区人民医院
6,香港大学深圳医院
7,人民医院
8,空军总医院皮肤病医院
9,中国皮肤影像中心
10,解放军空军总医院皮肤病医院
11,中国人民解放军空军总医院
12,空军总医院
13,中国人民解放军空军特色医学中心
14,山东省千佛山医院
15,复旦大学附属华山医院
16,京大学第二，子附属华山医院
17,附属同济医院
18,华中科技大学同济医学院附属同济医院
19,苏州大学附属第一医院
20,北京宣武医院
21,同济大学附属上海市肺科医院
22,北京天坛医院
23,北京大学第三医院
24,复旦大学附属中山医院
25,兴安盟人民医院
26,南京鼓楼医院
27,惠型原科大学天七医院
28,南京大学医学院附属鼓楼医院
29,首都医科大学宣武医院
30,宣武医院
31,上海长海医院
32,武汉协和医院
33,沈阳军区总医院
34,珠江医院
35,北京解放军三〇七医院
36,武汉同济医院
37,中部战区总医院
38,上海复旦大学附属华山医院
39,上海仁济医院
40,襄阳市第一人民医院
41,解放军总医院
42,中山医院
43,附属肿瘤医院
44,重庆大学附属肿瘤医院
45,空军军医大学唐都医院
46,上海交通大学附属第一人民医院
47,上海第十人民医院
48,宜昌市中心医院
49,湖北省中医院
50,北京老年医院
51,浙江省人民医院
52,中南大学湘雅二医院
53,武昌区民主路武警医院
54,中国医学科学院皮肤病研究所
55,中国医学科学院皮肤病医院
56,重庆医科大学附属第三医院
57,真菌保藏中心专业团队
58,中国医学科学院皮肤病研究所真菌科
59,上海市皮肤病医院
60,海市皮肤病医院
61,上海市皮肤医院
62,中国科学院大学附属肿瘤医院
63,浙江大学医学院附属第二医院
64,浙江省肿瘤医院
65,附属第一医院
66,江苏省肿瘤医院
67,中山大学附属第七医院
68,首都医科大学附属北京天坛医院
69,首医附属北京天坛医院
70,武汉市第一医院
71,2018瑞金医院
72,物柏金森医学中心
73,上海东方医院
74,医院药学部
75,同济大学附属东方医院
76,天津医科大学附属肿瘤医院
77,湖北省武汉大学中南医院
78,湖北省中南医院
79,湖北省人民医院
80,武汉八大处整形外科医院
81,武汉市中心医院
82,云南省第一人民医院
83,第四军医大学西京医院
84,山东第一医科大学附属皮肤病医院
85,北京小汤山医院
86,大连大学附属新华医院
87,唐伟大连大学附属新华医院
88,大连大学附居新华医院
89,大连新华医院
90,中山大学附属第三医院
91,中国医学科学院肿瘤医院
92,中国医学科学院肿瘤，医院
93,山西医科大学第一医院
94,第四军医大学西京皮肤医院
95,空军军医大学西京医院
96,西京医院
97,中山大学肿瘤医院
98,哈尔滨医科大学附属第二医院
99,附属第二医院
100,中山大学附属肿瘤医院
101,南昌大学第二附属医院
102,中山大学附属第五医院
103,中国人民解放军总医院
104,北京和医院
105,昆明医科大学第一附属医院
106,中国人民解放军总医院海南医院
107,首都医科大学附属天坛医院
108,神经病学中心
109,北京友谊医院
110,首都医科大学附属北京友谊医院
111,海军总医院
112,国家会议中心
113,附属北京天坛医院
114,北京协和医院
115,浙江大学医学院附属邵逸夫医院
116,西安交通大学第二附属医院
117,浙江大学附属第二医院
118,清华长庚医院
119,北京清华长庚医院
120,连市皮肤病医院
121,清华大学附属北京清华长庚医院
122,上海市第一人民医院
123,邢台市人民医院
124,大庆人民医院
125,河南省人民医院
126,安阳肿瘤医院
127,附属仁济医院
128,浙江医科大学第二附属医院
129,北京脑重大疾病研究院帕金森病研究所
130,宁波市第一医院
131,王雷第四军医大学西京皮肤医院
132,空军军医大学西京皮肤医院
133,江苏省人民医院
134,郑州大学第一附属医院
135,郑州大学第一医院
136,福建省肿瘤医院
137,上海交通大学附属胸科医院
138,重庆新桥医院
139,首都医科大学三博脑科医院
140,解放军304医院
141,首都医科大学附属北京朝阳医院
142,史飞空军总医院
143,解放军总医院第一附属医院
144,中国人民解放军304医院
145,解放军总医院第一附城医院
146,沈阳市第七人民医院
147,大连医科大学附属第一医院
148,广州总医院
149,广州军区总医院
150,广东省第二医院
151,米兰柏羽医学美容医院
152,河南省肿瘤医院
153,江南大学附属医院
154,附属上海市肺科医院
155,上海市东方医院
156,嘉兴市第一医院
157,嘉兴市第二医院
158,旦大学附属华山医院
159,北京大学第一医院
160,华中科技大学同济医学院|附属协和医院
161,皮肤病医院
162,中国医学科学院皮肤病研究所皮肤病理研究室
163,北京医院
164,常建民北京医院
165,卫生部北京医院
166,哈尔滨市第一专科医院
167,林大学第二医院
168,吉林大学第二医院
169,第二军医大学长征医院
170,海军军医大学附属长征医院
171,上海长征医院
172,杭州市第一人民医院
173,粤北人民医院
174,附属杭州市第一人民医院
175,佛山市第二人民医院
176,山东省临沂市人民医院
177,临沂市人民医院
178,山西医科大学第二医院
179,湖北医药学院附属十堰市太和医院
180,第三医院
181,西京皮肤医院
182,安徽省肿瘤医院
183,中国科学技术大学附属第一医院
184,荆州市第一人民医院
185,云南省肿瘤医院
186,分子诊断中心
187,深圳市宝安区人民医院
188,青岛大学附属医院
189,苏州市中医院
190,四川大学华西医院
191,华西医院
192,中山黄海教授医院
193,中山大学孙逸仙纪念医院
194,首都医科大学数民医院
195,中国医科大学附属第一医院
196,广州中医药大学第一附属医院
197,北京大学深圳医院
198,上海）复旦大学附属华山医院
199,第二军医大学附属长海医院
200,海军军医大学长海医院
201,第二军医大学长海医院
202,顾军长海医院
203,海军军医大学第一附属医院
204,中国医学科学院北京协和医院
205,齐鲁医院
206,山东大学齐鲁医院
207,王刚西京医院
208,第四军医大学西京皮肤病医院
209,北京安定医院
210,同济大学附属第十人民医院
211,同济大学附属皮肤病医院
212,上海市第十人民医院
213,第十人民医院
214,皮肤病专科医院
215,同济大学附第十人民医院
216,山东省皮肤病医院
217,山东省皮肤性病防治研究所
218,山东第-医科大学附属皮肤病医院
219,专科医院
220,东省皮肤病医院
221,山东省皮肤病性病防治研究所
222,附属皮肤病医院
223,南方医科大学皮肤病医院
224,广东省皮肤病医院
225,安微省儿童医院
226,中南大学湘雅医院
227,湘雅医院
228,大连市皮肤病医院
229,大连皮肤病医院
230,北京军区总医院
231,武汉市妇女儿童医疗保健中心
232,北大人民医院
233,同济大学医学院，光医学研究所
234,上海交通大学医学院附属瑞金医院
235,研究中心
236,德国慕尼黑大学激光研究所
237,临床医学中心
238,漳州市医院
239,上海市胸科医院
240,莆田学院附属医院
241,复旦大学附属肿瘤医院
242,鑫大医院
243,美国M.D.Anderson肿瘤中心
244,复旦大学附属，肿瘤医院
245,附属胸科医院
246,附属华山医院
247,上海市肺科医院
248,上海市中西医结合医院
249,瑞金医院
250,首医附属北京友谊医院
251,上海交通大学附属瑞金医院
252,山东省肿瘤医院
253,天津市肿瘤医院
254,天津市肿南医院
255,天津医科大学肿瘤医院
256,建医科大学肿瘤医院
257,四川西南司法鉴定中心
258,湖南省儿童医院
259,西安国际医学中心医院
260,北京中日医院
261,北京中日友好医院
262,毛发医学中心
263,中日友好医院
264,附属第九人民医院
265,北京黄寺美容，外科医院
266,外科医院
267,北京黄寺整形外科医院
268,解放军第四医院
269,复旦大学附属上海市第五人民医院
270,刘军（瑞金医院
271,徐州市中心医院
272,安徽医科大学第一附属医院
273,附属瑞金医院
274,中南大学皮肤性势研究所
275,广州珠江医院
276,南方医科大学珠江医院
277,广东佛山市一医院
278,潍坊市益都中心医院
279,青-天津宝抵医院
280,福建省龙岩人民医院
281,海南西部中心医院
282,赣州市立医院
283,襄阳市中心医院
284,益阳市中心医院
285,福建医科大学附属协和医院
286,广东省中医院
287,南通大学附属医院
288,20城华山医院
289,华山医院
290,20始华山医院
291,20婚华山医院
292,广东省人民医院
293,上海市精神卫生中心
294,上海市精神卫生中心老年科
295,台湾林口长庚医院
296,上海交通，附属瑞金医院
297,山东省立医院
298,大连医科大学附属中心医院
299,州市人民医院
300,？州市人民医院（市农居医院
301,中国科学院大学附属肿留医院
302,谭兰中国海洋大学附属医院青岛市立医院
303,青岛市市立医院
304,重庆西南医院
305,南昌大学第一附属医院
306,南方医院
307,静冈癫病中心
308,首都医科大学附属宣武医院
309,CAAE擦病中心规范化建设工作委员会
310,三博脑科医院
311,北京三博脑科医院
312,武汉大学中南医院
313,上海市同济大学附属东方医院
314,福建中医药大学附属第三人民医院
315,天津医科大学总医院
316,-上海胸科医院
317,上海交通大学，附属胸科医院
318,海军军医大学附属长海医院
319,附属长海医院
320,同济大学附属同济医院
321,同济医院
322,上海交大医学院附属第九人民医院
323,华中科技大学附属同济医院
324,天坛医院
325,乐山市人民医院
326,首都医科大学北京宣武医院
327,天津市环湖医院
328,湖南省第二人民医院
329,陆军军医大学西南医院
330,西南医院
331,第三军医大学西南医院
332,包头医学院第一附属医院
333,-杭州颜术美容医院
334,颜术医疗美容医院
335,长沙市第三医院
336,中国医学科学院整形外科医院
337,临汾市人民医院
338,广州医科大学附属，肿瘤医院
339,广州医科大学附属肿瘤医院
340,中山市人民医院
341,广东省第二中医院
342,工苏省人民医院
343,夏旦大学附属中山医院
344,上海复旦大学附属中山医院
345,肿瘤医院
346,附属中山医院
347,云南省红河州第三人民医院
348,北大医院
349,立神经精神研究所
350,医院神经内科
351,首都医科大学属北京天坛医院
352,荷兰阿姆斯特丹医学中心
353,首都医科大学附属北京康复医院
354,卓越成就臨床中心
355,深圳大学总医院
356,教育部学位中心
357,王艺复旦大学附属华山医院
358,第二附属医院
359,运动障碍中心
360,瑞，金医院
361,神经病学研究所
362,万新华北京协和医院
363,化研究所
364,英国伦敦国立医院
365,美国神经病学研究所
366,XXx医院
367,帕金森中心
368,冬雷脑科医院
369,麦克林医院
370,牛津帕金森病中心
371,沙中南大学湘雅医院
372,苏闻北京医院
373,邯郸市中心医院
374,医院皮肤科
375,聊城市人民医院
376,医院发展论坛
377,小忠丽格医疗美容医院
378,大连医科大学附属第二医院
379,上海交通大学附属，胸科医院
380,上海胸科医院
381,上海同济大学附属同济医院
382,广州医科大学附属第一医院
383,广西医科大学第一附属医院
384,深圳市人民医院
385,北京回龙观医院
386,中日医院
387,张家港第一人民医院
388,中国人民解放军第二五四医院
389,北京儿童医院
390,安徽医科大学第一医院
391,苏州大学附属独墅湖医院
392,李凌江中南大学湘雅二医院
393,北京大学第一医院妇产儿童医院
394,北京大道第一医院
395,天津市儿童医院
396,西安交通大学附属第二医院
397,西安交通大学第一对属医院
398,苏州儿童医院
399,西安交满大学第二附属医院
400,苏州大学附属儿童医院
401,厦门市妇幼保健医院
402,广东省精神卫生中心
403,厦门市精神卫生中心
404,厦门市仙岳医院
405,重庆医科大学附属第一医院
406,州大学附第二医院
407,武夷山市立医院
408,莆田市第一医院
409,罗源县医院
410,197号瑞金医院
411,上海市杨思医院
412,余杭区中医院
413,浙大附属邵逸夫医院
414,汉中市中心医院
415,涿州市医院
416,上海市医疗急救中心医师
417,浙江大学医学院附属树兰医院
418,树兰（杭州）医院
419,牟海波树兰医院
420,联勤保障部队第900医院
421,上海瑞金医院
422,航天中心医院
423,上海新华医院
424,上海交通大学新华医院
425,黑龙江省中医医院
426,四川省肿瘤医院
427,景德镇市第二人民医院
428,复旦大学华山医院
429,美国梅奥医院
430,中山大学肿瘤防治中心
431,北京大学第六医院
432,沧州市中心医院
433,河北医科大学第四医院
434,南方医科大学南方医院
435,京大学第一医院
436,浙江大学附属邵逸夫医院
437,医院神经病学中心癫病科
438,附属邵逸夫医院
439,北京大学肿瘤医院
440,全球过敏与哮喘联盟欧洲网络（GA2LEN)尊麻疹中心
441,陆军总医院
442,肤损伤修复研究所
443,北京陆军总医院
444,用研究中心
445,空军总院皮肤病医院
446,北京空军总医院
447,云南华美美莱美容医院
448,西安交通大学医学院第二附属医院
449,堪萨斯城圣卢克医院
450,浙江大学医学院附属第一医院
451,深圳市儿童医院
452,京协和医院
453,昆明医科大学第二附属医院
454,海市胸科医院
455,杨浦区中心医院
456,常州市第二人民医院
457,苏州大学附属第二医院
458,佛山市第一人民医院
459,微整形与年轻化中心
460,广州华美美容医院
461,圣路易医院
462,上海交通大学第二附属医院
463,中国研究型医院
464,上海交通大学瑞金医院
465,泰安中心医院
466,RPG西北中心
467,长海医院
468,齐鲁儿童医院
469,亳州市人民医院
470,吉林大学第一医院
471,南京医科大学附属儿童医院
472,华中科技大学附属协和医院
473,北京丰台医院
474,京天坛医院
475,南京市第一医院
476,301医院
477,何江弘（陆军总医院
478,郑州大学第五附属医院
479,首都医科大学附属北京同仁医院
480,（四川大学华西医院
481,兰州大学附属第一医院
482,重庆三博长安医院
483,（首都医科大学附属北京天坛医院
484,石广志首都医科大学附属北京天坛医院
485,成都丝缘植发医院
486,首都医科大学附属北京世纪坛医院
487,北京世纪坛医院
488,山西省人民医院
489,王峰大连医科大学附属第一医院
490,昆明市儿童医院
491,江西省儿童医院
492,上海交通大学附上海儿童医学中心
493,上海交通大学附属上海儿童医学中心
494,重庆医科大学附属儿童医院
495,浙江大学医学院附属儿童医院
496,四川省人民医院
497,广东三九脑科医院
498,南京市儿童医院
499,首都医科大学附属儿童医院
500,厦门大学附属中山医院
501,秦皇岛市第一医院
502,上海交通大学医学院附属仁济医院
503,中国科学院大学，附属肿瘤医院
504,复旦大学附中山医院
505,大连市中心医院
506,宁波鄞州区第二医院
507,福建省立医院
508,医学院校附属医院
509,中国科学院昆明动物研究所
510,新华医院
511,美国印第安纳圣文森特医学中心
512,美国StVincent医院
513,美国圣玛丽医院
514,杭州市肿瘤医院
515,国家质量控制中心
516,首都医科大学附属北京安贞医院
517,佛山市南海区人民医院
518,天津市中医药研究院附属医院
519,中医药研究院附属医院
520,天津长征医院
521,天津市第三中心医院
522,余姚人民医院
523,舟山医院
524,浙江大学舟山医院
525,宁海城关医院
526,广州医科大学附属第三医院
527,中山大学附属第一医院
528,上海市红斑狼疮研究协作中心
529,随瑞金医院
530,上海中医药大学附属岳阳中西医结合医院
531,新疆维吾尔自治区中医医院
532,上海中医药大学附属岳阳医院
533,上海岳阳医院
534,岳阳中西医结合医院
535,上海中医药大学附属岳阳中西结合医院
536,上海中医药大学皮肤病研究所
537,武汉雷神山医院
538,省城大医院
539,上海复旦大学附属闵行医院
540,陆军军医大学第一附属医院
541,广西医科大学第三附属医院
542,广西壮族自治区亭凉医院
543,温州市中心医院
544,江区中心医院
545,张黎中日友好医院
546,北京大学附属第一医院
547,天津医科大学第二医院
548,新疆自治区中医院
549,新疆医科大学附属中医医院
550,新疆维吾尔族自治区中医医院
551,山东大学第二医院
552,无锡市第二人民医院
553,随县融媒体中心
554,南昌大学附属第二医院
555,胡洁复旦中山医院
556,癫病中心
557,浙江大学第二医院
558,首都医科大学北京儿童医院
559,北大第一医院
560,北京急救中心
561,泡科医院
562,郁金泰复旦大学华山医院
563,附属协和医院
564,同济医学院附属协和医院
565,华中科技大学同济医学院附属协和医院
566,华中科技大，附属协和医院
567,国家卫生计生委中日医院
568,国家卫生健康委员会中日友好医院
569,新疆自治区人民医院
570,山东省千佛山医院集团无棣医院
571,太原市中心医院
572,武汉市第一人民医院
573,陈柳青中市第医院
574,山东省胸科医院
575,李新山东省公共卫生临床中心
576,滨州医学院附属医院
577,山东第一医科大学第一附属医院
578,山东中医药大学附属医院
579,重庆玛恩皮肤医疗美容医院
580,重庆玛恩皮肤医院
581,重庆玛恩医院
582,重庆玛恩皮肤美容医院
583,邓军|重庆玛恩皮肤美容医院
584,金华华山医院
585,徐金华复旦大学华山医院
586,上海交大附属仁济医院
587,复旦大学附属儿科医院
588,吉林省肿瘤医院
589,内蒙古自治区人民医院
590,上海交通大学附属第一医院
591,中大医院
592,省中医院
593,东南大学附属中大医院
594,杨代吉林大学附属第一医院
595,重庆医科大学附属大学城医院
596,重庆医科大学第一附属医院
597,北京同仁医院
598,首医附属北京同仁医院
599,西南医科大学附属医院
600,甘肃省第二人民医院
601,张舒（协和医院
602,华中科技大学协和深圳医院（南山医院
603,新疆维吾尔自治区维吾尔医医院
604,新疆医科大学第一附属医院
605,宁夏医科大学总医院
606,新疆军区总医院
607,江苏省免疫诊断工程技术研究中心
608,北京朝阳医院
609,克拉玛依市中心医院
610,巴州人民医院
611,昌吉州人民医院
612,大庆龙南医院
613,华东医院
614,郏县中医院
615,脑卒中防治工程专家委员会医院
616,中国康复研究中心
617,北京医院协会医院
618,他汀治慢性硬膜下血肿多中心RCT
619,东部战区总医院
620,华中科技大学协和医院
621,中国非公立医院
622,首都医科大学天坛医院
623,附属新华医院
624,徐汇中心医院
625,济南美康医疗美容医院
626,武汉五洲医疗美容医院
627,北京圣嘉新医疗美容医院
628,陆军军医大学附属第一医院
629,南充市中心医院
630,肺癌中心团队
631,吴阶平医学基金及多中心
632,上海市第八人民医院
633,1美国科罗拉多州大学癌症中心
634,陆军特色医学中心
635,卫生部中日友好医院
636,门汇拍前综合医院
637,北京大学第六，医院
638,上海华山医院
639,江苏南通大学附属医院
640,夏门大学神经科学研究所
641,海南医学院附属医院
642,海南医学院第一附属医院
643,西医科大学第一附属医院
644,广东祈福医院
645,宁波市医疗中心李惠利医院
646,南昌大学附属第一医院
647,重庆三峡中心医院
648,重庆医科大学附属永川医院
649,重庆九龙坡人民医院
650,山东省精神卫生中心
651,邵逸夫医院
652,福建省晋江市医院
653,中白友好医院
654,苏州大学附区第一医院
655,中国医学，整形外科医院
656,大学第一医院
657,国家皮肤与免疫疾病临床医学研究中心
658,首都医科大学附属北京儿童医院
659,海南省中医院
660,李丽（协和医院
661,中南大学湘雅三医院
662,武汉大学人民医院
663,湖南省人民医院
664,属华山医院
665,辽宁省肿瘤医院
666,西安交通大学第一附画医院
667,张家港中心医院
668,南京医科大学第一附属医院
669,医院整形医院
670,第四军医大学西京医院整形医院
671,柳州市中医医院
672,苏北人民医院
673,陕西省人民医院
674,中国人民解放军第三医院
675,河北医科大学第一医院
676,安徽省立医院
677,无锡市第八人民医院
678,四川省西昌市人民医院
679,长兴县人民医院
680,赤峰学院附属医院
681,内蒙古科技大学包头医学院第二附属医院
682,中山大学第五附属医院
683,高海凤唐山市工人医院
684,郑州大学附属郑州中心医院
685,天津市泰达医院
686,天津泰达医院
687,南京医科大学第二附属医院
688,首付医科大学附属北京友谊医院新华医院
689,|华中科技大学协和医院
690,齐齐哈尔市中医院
691,医学院附属协和医院
692,黑龙江省医院
693,东方肝胆外科医院
694,上海东方肝胆外科医院
695,第一附属医院
696,湖南师范大学第一附属医院
697,上海中医药大学附属曙光医院
698,上海中医药大学附光医院
699,附属曙光医院
700,包头市肿瘤医院
701,附属医院
702,第一人民医院
703,上海交通大学附属第六人民医院
704,北京大学友谊医院
705,南方医科大学深圳医院
706,东北国际医院
707,大连市第五人民医院
708,绥化肿瘤医院
709,吉林大学中日联谊医院
710,盘锦市中心医院
711,复旦华山医院
712,复旦大学附城华山医院
713,吉宏明山西省人民医院
714,南京医科大学附属明基医院
715,福建协和医院
716,南通市肿瘤医院
717,南通肿瘤医院
718,修水县第一人民医院
719,武汉儿童医院
720,于炎冰中日友好医院
721,武警特色医学中心
722,大学医学院瑞金医院
723,州大学第一附属医院
724,唐都医院
725,河北医科大学第二医院
726,西安交通大学第一附属医院
727,北京西苑医院
728,北大妇产儿童医院
729,温海海军军医大学附属长征医院
730,杭州市第三人民医院
731,新生产建设兵团医院
732,医大第一附属医院
733,新医大第一附属医院
734,安微医科大学第一附属医院
735,附属同仁医院
736,兰州军区总医院
737,汉协和医院
738,协会秘书处山西医科大学第一医院
739,宁波市第六医院
740,福建医科夫学附属协和医院
741,暨南大学附属第一医院
742,黔东南州人民医院
743,西京白风医院
744,湘雅二医院
745,上海光华中西医结合医院
746,北京大学国际医院
747,首都医科大学附属北京佑安医院
748,丽水市中心医院
749,上杭县中医院
750,连江县医院
751,中国医学科学院病原生物学研究所
752,济宁医学院附属医院
753,河北省沧州市人民医院
754,后循环缺血（脑血管病）航天中心医院
755,Cochrane中心
756,杨旭航天中心医院
757,首都医科大学附属同仁医院
758,广州中医药大学第二附属医院
759,国家卒中中心管理指导委员会
760,山西医学科学院山西大医院
761,安徽中医药大学第一附属医院
762,首都医科大学朝阳医院
763,天津肿瘤医院
764,海南省人民医院
765,中心解剖教研室
766,文中心解剖教研室
767,上海肺科医院
768,北京大学第-医院
769,天津医大肿瘤医院
770,亚什兰上海创新技术中心
771,丘市第五人民医院
772,北京首都医科大学胸科医院
773,大坪医院
774,西安交通大学附属第一医院
775,北京胸科医院
776,湖北省肿瘤医院
777,马振友皮肤病研究所
778,北京中医药大学东方医院
779,温州医科大学附属第一医院
780,江西省胸科医院
781,作林同济大学附属东方医院
782,徐州市儿童医院
783,武汉科技大学附属天佑医院
784,大庆油田总医院
785,北京安贞医院
786,清华大学玉泉医院
787,博爱医院
788,北京大学首钢医院
789,复兴医院
790,廊坊市人民医院
791,南部战区总医院
792,湖南省肿瘤医院
793,广东省肺癌研究所
794,临沂市肿瘤医院
795,兰陵县人民医院
796,五莲县人民医院
797,平邑人民医院
798,日照市人民医院
799,郑州市中心医院
800,郑州人民医院
801,上海皮肤病医院
802,家皮肤与免疫疾病床医学中心
803,河南科技大学第一附属医院
804,遂宁市中心医院
805,浙江医院
806,上海市第九人民医院
807,龙华医院
808,南京军区南京总医院
809,南大学，医院
810,协和医院
811,吉林大学白求恩第一医院
812,北部战区总医院
813,盛京医院
814,西安空军医院
815,202医院
816,辽阳市中心医院
817,浙江大学附属第一医院
818,浙江大学第一医院
819,马英复旦大学附属华山医院
820,东南大学附属徐州医院
821,玛恩皮肤微整形中心
822,济南玛恩皮肤医疗美容医院
823,重庆玛恩医疗美容医院
824,神经科学研究所
825,中山大学疼痛研究中心
826,郑州大学第，附属医院
827,广州脑科医院
828,广州惠爱医院
829,陕西省肿瘤医院
830,哈尔滨医科大学附属第一医院
831,附属东方医院
832,第九OO医院
833,福建省耳鼻咽喉研究所磁量研究室
834,上海市质子重离子医院
835,徐州医科大学附属医院
836,哈尔滨医科大学第二医院
837,华山脑胶质瘤中心
838,山医院
839,州紫馨医疗美容医院
840,同仁医院
841,纽约州立大学布法罗分校听力及耳查中心
842,首都医科大学北京天坛医院
843,空军航空医学研究所
844,北京恒兴肿瘤医院
845,重庆儿童医院
846,深圳儿童医院
847,广西医科大学附属肿瘤医院
848,江西省肿瘤医院
849,兰州大学第二附属医院
850,青海省妇女儿童医院
851,首都医科大学附属北京中医医院
852,首都医科大学附属中医医院
853,西安市第一医院
854,中山大学中网第七医院
855,西安市第三医院
856,西北大学附属医院
857,上海市病理质控中心皮肤病理质控小组
858,成都市龙泉驿区第一人民医院
859,兰州大学第二医院
860,上海交通大学附属仁济医院
861,上海交通大学仁济医院
862,北京肿瘤医院
863,中国康复研究中心北京博爱医院
864,北京新里程医院
865,儿童医院
866,中国医科大学附属盛京医院
867,中山大学附属，肿瘤医院
868,重庆医科大学附属第三医院（捷尔医院
869,海南省第五人员医院
870,青海大学附属医院
871,山东第一医科大学附属省立医院
872,沈阳市皮肤病研究所
873,伽蓝集团研发中心
874,山西省儿童医院
875,天津市人民医院
876,解放军第904医院
877,安徽医科大学附属巢湖医院
878,河北省人民医院
879,总医院
880,空军军医大学西京脑科医院
881,东方医院
882,和平里医院
883,英首都医科大学宣武医院
884,广州市惠爱医院
885,江西省人民医院
886,福建医科大学附属第一医院
887,福建医科大学附属第，医院
888,新疆生产建设兵团医院
889,台北荣民总医院
890,刁庆春重庆中医院
891,重庆市中医院
892,重庆市第一人民医院
893,江苏省苏北人民医院
894,复旦大学附属妇产科医院
895,东南大学血液病研究所
896,福建医科大学附属第二医院
897,茂名市人民医院
898,友谊医院
899,美国国家衰老研究所
900,施焖首都医科大学附属北京天坛医院
901,连云港市第一人民医院
902,微整形中心
903,兰州大学第一医院
904,总医院肿瘤医院
905,甘肃省人民医院
906,附属第六人民医院
907,医学院附属瑞金医院
908,上海交大医学院附属瑞金医院
909,复旦大学附属华东医院
910,医科大学宣武医院
911,陆军军医大学新桥医院
912,高雄长庚医院
913,厦门长庚医院
914,東北京大学国际医院
915,南昌市第三医院
916,贵溪市人民医院
917,重庆医科大学附属第二医院
918,大庆市龙南医院
919,陆军军医大学大坪医院
920,第三军医大学大坪医院
921,第三，医大学大坪医院
922,军军医大学西南医院
923,中国人民解放军陆军特色医学中心
924,潍坊市人民医院
925,江苏省中医院
926,台大医院
927,包军南京大学附属鼓楼医院
928,南京明基医院
929,中山大学第三附属医院
930,通大学第一附属医院
931,汕头市中心医院
932,上海第九人民医院
933,林高民厦門弘愛医院
934,厦门弘爱医院
935,常德市第一人民医院
936,|空军军医大学第一附属医院
937,陆军军医大学附属新桥医院
938,四川省人民医房机路人中心
939,999急救中心急诊科
940,汉中宁强县医院
941,平昌县人民医院
942,武威市人名医院
943,河北医科大学第三医院
944,浙江大学医学院附属杭州市第一人民医院
945,遵义医学院附属医院
946,新疆医科大学附属肿瘤医院
947,中国人民解放军第202医院
948,前列腺肿瘤诊治中心
949,中国医科大学第一附属医院
950,高兴华第一医院
951,中国医科大学航空总医院
952,航空总医院
953,肉芽肿瑞金医院
954,和部人事考试中心
955,上海交通大学医学院附广第九人民医院
956,上海交通大学医学院附属第九人民医院
957,湖州市中心医院
958,浙江大学医学院附属第四医院
959,舟山人民医院
960,杭州师范大学附属医院
961,浙江师范大学附属医院
962,台州市第一人民医院
963,金华市中心医院
964,衢州人民医院
965,台州医院
966,宁波李惠利医院
967,浙江大学附属儿童医院
968,南京市胸科医院
969,宁波大学医学院附属医院
970,丽水市人民医院
971,衡化医院
972,嘉兴市第二人民医院
973,哈尔滨医科大学附属第，医院
974,江苏省南通市通州区人民医院
975,SGS（中国）检测中心
976,儿童医学中心
977,上海中山医院
978,中国颜内动脉狭窄支架治疗多中心
979,广东省中山市人民医院
980,中山大学附属中山医院
981,附属北京安贞医院
982,三甲医院
983,白首都医科大学附属北京朝阳，阳医院
984,北京陆军总医院·附属八一脑科医院
985,中国陆军军区总医院
986,中国中山大学第三医院
987,中国华西医院
988,中国北京北大医院
989,赤峰市医院
990,广东省第二人民医院
991,重庆华美整形美容医院
992,广州曙光医院
993,18.国家卫生健康委员会急诊医学质控中心
994,首都医科大学天坛，医院
995,浙江省台州医院
996,山西省肿瘤医院
997,附属第六医院
998,中山大学附属第六医院
999,铜陵市立医院
1000,苏州市广济医院
1001,宁波市康宁医院
1002,天津总医院
1003,西安美莱医学美容医院
1004,美国宾夕法尼亚大学附属医院
1005,云南省昆钢医院
1006,中医药大学附属第一医院
1007,山东大学附属省立医院
1008,|宿迁钟吾医院
1009,宿迁市钟吾医院
1010,第二人民医院
1011,连云港市第二人民医院
1012,兰州大学定西医院
1013,复旦大学附属金山医院
1014,武汉市中医医院
1015,兰溪市人民医院
1016,葫芦岛市中心医院
1017,湖南中医药大学第二附属医院
1018,湖南省中医院
1019,斗学院皮肤病研究所
1020,皮肤病研究所
1021,康复诊疗中心
1022,北京康复医院
1023,北京复医院
1024,哈尔滨医科大学附属肿瘤医院
1025,中国科学院上海生命科学研究院神经科学研究所
1026,中国科学院自动化研究所
1027,中国科学院计算技术研究所
1028,上海交通大学脑科学与技术研究中心
1029,云南省皮肤病医院
1030,昆明医科大学第一附属医院云南省皮肤病医院
1031,华复旦大学附属华山医院
1032,昆明医科大学附属第一医院
1033,昆明医科大学第-附属医院
1034,何黎明医科大学第一附属医院云南省皮肤病医院
1035,广州军区广州总医院
1036,中国人民解放军广州总医院
1037,北京总医院
1038,南京医科大学附属医院
1039,四军大西京医院
1040,广州中山大学附属第一医院
1041,中山医科大学第一附属医院
1042,南京医科大学第一，附属医院
1043,州福科大学时属第二医院
1044,中山大学第一附属医院
1045,北京科发源医疗美容医院
1046,杭州市第三医院
1047,昆明医科大第二附属医院
1048,解放军306医院
1049,河南人民医院
1050,陕西省中医院
1051,中国医学科学，皮肤病研究所
1052,第三军医大学新桥医院
1053,新桥医院
1054,北京中医医院
1055,湖南中医药大学二附院医院
1056,常州第一人民医院
1057,成都第二人民医院
1058,成都市第二人民医院
1059,山东省聊城市人民医院
1060,大学附属华东医院
1061,附属华东医院
1062,···山东皮肤病医院
1063,第二医院
1064,北京京城皮肤病医院
1065,中国医学科学院&北京协和医学院皮肤病研究所
1066,福州总医院
1067,杭州市皮肤病研究所
1068,华中科技大学同济医学院附属武汉中西医结合医院
1069,寿光皮肤病医院
1070,第二军医大学附属长征医院
1071,济宁市第一人民医院
1072,济宁第一人民医院
1073,北京广安门医院
1074,海南省皮肤病医院
1075,江西中医药大学第二附属医院
1076,首都医科大学宜武医院
1077,附属第一人民医院
1078,胜利油田中心医院
1079,一堰市太和医院
1080,上海交通大学医学院附属第六人民医院
1081,江门市中心医院
1082,国家儿童医学中心
1083,于雁哈医大肿瘤医院
1084,山东第一医科大学附属第一医院
1085,医院党支部
1086,上海同济大学附属肺科医院
1087,附属肺科医院
1088,赣州市人民医院
1089,解放军联勤保障部队第910医院
1090,山西白求恩医院
1091,长治市人民医院
1092,黄俊-广—医院
1093,海军辉医大学附属长征医院
1094,长征医院
1095,南京脑科医院
1096,天津市安定医院
1097,首都医科大学附属北京安定医院
1098,兰州军区乌鲁木齐总医院
1099,解放军新疆军区，总医院
1100,重庆市第三军医大学大坪医院
1101,上海第六人民医院
1102,浙江中医药大学附属第一医院
1103,浙江省立同德医院
1104,首都医科大学附属北京路河医院
1105,华北理工大学附属医院
1106,福建医科大学附属漳州市医院
1107,H人学附属第一医院
1108,苏和医院
1109,第一医院
1110,诸暨市人民医院
1111,南海人民医院
1112,东明县中医院
1113,北华大学附属医院
1114,中国中医科学院广安门医院
1115,云南省滇南中心医院
1116,海南省肿瘤医院
1117,上海市同济医院
1118,北京市中医研究所
1119,内蒙古医科大学附属医院
1120,西安市中心医院
1121,霍普金斯医院
1122,深圳市第二人民医院
1123,湖北省第三人民医院
1124,韩国ROOT毛发移植中心
1125,广州市胸科医院
1126,台湾台北荣民总医院
1127,台北茶民总医院
1128,第九人民医院
1129,友谊医院新华医院
1130,首付科大学附属北京友谊医院新华医院
1131,漳州市第三医院
1132,大学附属华山医院
1133,宝应人民医院
1134,漂阳市人民医院
1135,张家港市第一人民医院
1136,盐城市第一人民医院
1137,无锡904医院
1138,金英杰国家医学考试研究中心
1139,英杰国家医学考试研究中心
1140,教授·威尔曼光医学中心
1141,佛山市禅城区中心医院
1142,无锡市人民医院
1143,山东省肿盛医院
1144,天津环湖医院
1145,湖南省脑科医院
1146,中科大附属第一医院
1147,广州医科大学皮肤病研究所
1148,院附属邵逸夫医院
1149,广州军区武汉总医院
1150,衡水市人民医院
1151,肿瘤防治中心
1152,郑州大学附属肿瘤医院
1153,遵义医科大学附属医院
1154,遵义医科大学第一附属医院
1155,泰州市人民医院
1156,空军军医大学第三附属医院
1157,林医学院附属医院
1158,缙云人民医院
1159,瑞安人民医院
1160,温州中医院
1161,/皖南医学院戈民山医院
1162,潍坊医学院附属医院
1163,青海省人民医院
1164,海口市人民医院
1165,交大医学院附属瑞全医院
1166,湘潭市中心医院
1167,中国CAA医院
1168,广州市第一人民医院
1169,约翰·霍普金斯医院
1170,流行病学研究中心
1171,北京航天总医院
1172,厦门大学附属第一医院
1173,浙大附一医院
1174,复旦大学皮肤病研究所
1175,安徽医科，附属医院
1176,博鳌超级医院
1177,复大学皮肤病研究所
1178,蒋红良·一國二医院
1179,中国中医科学院望京医院
1180,望京医院
1181,2018中山医院
1182,中山大学附属第二医院
1183,东莞市人民医院
1184,中南大学海雅医院
1185,桐庐中医院
1186,总医院医院
1187,上海儿童医学中心感染科
1188,CFDA药审中心
1189,北京市回民医院
1190,西安交通大学医学院第一附属医院
1191,贵阳医学院附属医院
1192,北京市神经外科研究所
1193,北京大学第三医院医院
1194,福建中医药大学附属康复医院
1195,東中日友好医院
1196,仁济医院
1197,中山大学第三医院
1198,吉娟中国医学科学院皮肤病医院
1199,广州医科大学第一附属医院
1200,贵州省人民医院
1201,中国脑积水中心联盟
1202,绍兴市中心医院
1203,隋志甫（陆军总医院
1204,深圳新生植发医院
1205,牡丹江肿瘤医院
1206,浙江省中医院
1207,宁乡市人民医院
1208,湘雅三医院
1209,九江市第一人民医院
1210,海门市人民医院
1211,张萍北京医院
1212,医学中心
1213,第三军医大学附属第一医院
1214,同济大学医学院光医学研究所
1215,遵义医科大学第二附属医院
1216,郑州大学第三附属医院
1217,广西壮族自治区民族医院
1218,.湖南株洲中心医院
1219,港大深圳医院
1220,福建三博福能脑科医院
1221,汕头大学医学院附属肿瘤医院
1222,宋明首都医科大学三博脑科医院
1223,重庆三博江陵医院
1224,中国疾病预防控制中心性病艾滋病预防控制中心
1225,陈述花首都儿科研究所附属儿童医院
1226,上海德济医院
1227,何江弘首都医科大学附属北京天坛医院
1228,南省人民医院
1229,昆明医科大学第一医院
1230,新疆医科大学第二附属医院
1231,新疆医科大学附属中医医院新疆医科大学第五附属医院
1232,浙江医科大学附属第二医院
1233,福建医科大学附属医院
1234,哈尔滨血液病肿瘤研究所
1235,尔滨血液病肿瘤研究所
1236,四川省民医院
1237,北京眼科中心
1238,瑞士免疫研究研究所
1239,瑞士免疫研究所
1240,天津市南开医院
1241,童医院
1242,福州儿童医院
1243,州儿童医院
1244,广东省中山市中医院
1245,安徽中医药大学神经病学研究所
1246,北京彭胜医院
1247,肿瘤专科医院
1248,武汉市普仁医院
1249,昆明三博脑科医院
1250,河南大学附属南石医院
1251,哈尔滨医科大学附属第五医院
1252,新疆儿童医院
1253,王维威协和医院
1254,河南中医药大学第一附属医院
1255,秦皇岛市第四医院
1256,北京市朝阳区三环肿瘤医院
1257,解放军第306医院
1258,上海嘉会国际医院
1259,海军军医大学第三附属医院
1260,上海市第四人民医院
1261,福建医科大学协和医院
1262,青岛市精神卫生中心
1263,北京伊美尔医疗美容医院
1264,苏州市第九人民医院
1265,南京市鼓楼医院
1266,绵阳市中心医院
1267,广州医学院第二附属医院
1268,上海市第六人民医院
1269,重庆重庆医科大学附属第一医院
1270,滕州市中心人民医院滕州市人民医院
1271,南京医科大学附属南京明基医院
1272,上海市杨浦区中心医院
1273,新乡医学院第二附属医院
1274,解放军第105医院
1275,山东大学齐色医院
1276,山东太学齐色医院
1277,山东太学齐鲁医院
1278,洋齐色医院
1279,山东大学齐包医院
1280,山东太学齐包医院
1281,厦门大学附属心血管病医院
1282,苏州大学第二附属医院
1283,北京积水潭医院
1284,中国人民解放军空军军医大学西京医院
1285,南京医科大学附儿童医院
1286,中国医学科学院阜外医院
1287,天津宝纸医院
1288,天津宝城医院
1289,中山大学附属第八医院
1290,北京市第一中西医结合医院
1291,张巍首都医科大学附属北京天坛医院
1292,苏州广济医院
1293,玉泉医院
1294,伦敦国立医院
1295,眼耳鼻喉科医院
1296,复旦大学附属眼耳鼻喉科医院
1297,复旦大学眼耳鼻喉科医院
1298,山东省耳鼻喉医院
1299,山东大学附属山东省耳鼻喉医院
1300,海军军医大学附属，长征医院
1301,湖北中医药大学附属医院
1302,哈尔滨医科大学附属第三医院
1303,哈医大附属第三医院
1304,国家心血管，病中心组织
1305,南开大学附属环湖医院
1306,宝鸡市人民医院
1307,宁波市第二医院
1308,佳木斯市中心医院
1309,福建医科大学第一附属医院
1310,上海杨思医院
1311,江苏省中西医结合医院
1312,医科院肿瘤医院
1313,天津市第一中心医院
1314,重庆医科大学附属第一医院金山医院
1315,苏州市市立医院
1316,泉州市第一医院
1317,美国CityofHope国家医学中心访问学者
1318,常州市肿瘤医院
1319,李神经会诊中心
1320,李神经会珍中心
1321,中国人民解放军第903医院
1322,沂源县中医医院
1323,上海市中医医院
1324,株洲市中心医院
1325,湖州市第一人民医院
1326,州市第一人民医院
1327,上海华东医院
1328,中国药学会医院
1329,附属北京路河医院
1330,空军特色医学中心
1331,北京市大兴区人民医院
1332,整形美容医院
1333,沙爱思特医疗美容医院
1334,延边大学附属医院
1335,山东大学齐鲁儿童医院
1336,华西化妆品评价中心
1337,浙江大学金华医院
1338,上海冬雷脑科医院
1339,河北省中医院
1340,海南省妇女儿童医学中心
1341,海南医学院第二附属医院
1342,云南省第二人民医院
1343,楚雄州中医院
1344,玉溪市人民医院
1345,昆明市中医院
1346,昆明市第一人民医院
1347,曲靖市第一人民医院
1348,昆明医科大学第四川大学华西医院
1349,文山州人民医院
1350,绍兴人民医院
1351,四川大学华西医院西京医院
1352,湖州市第一人民医院浙江大学附属第二医院杭州富阳区中医院
1353,哈尔滨医科大学附属第四医院
1354,香港医院
1355,中国疾控中心职业卫
1356,沂市人民医院
1357,空军军医大学第一附属医院
1358,长安医院
1359,郴州市儿童医院
1360,天津胸科医院
1361,泸州医学院附属医院
1362,四川川北医学院附属医院
1363,常州市第一人民医院
1364,宜兴市人民医院
1365,温岭市第二人民医院
1366,北京地坛医院
1367,上海市免疫学研究所
1368,同济大学附居上海市第十人民医院
1369,上海交通大学医学院附局仁济医院
1370,复日大学附属肿瘤医院
1371,上海交通大学医学院附三仁济医院
1372,海军军医大学免疫学研究所
1373,石河子市人民医院
1374,深圳市蛇口人民医院
1375,海南省第五人民医院
1376,满洲里市人民医院
1377,秦叔连东部战区总医院
1378,李进同济大学附属东方医院
1379,甘肃省武威肿瘤医院
1380,中国科学医学院协和医院
1381,上海浦南医院
1382,昆山市第一人民医院
1383,型多中心
1384,福建医科大学孟超肝胆医院
1385,卡尔加里大学foothills医院
1386,中国科学院长春应用化学研究所
1387,谷丽首都医科大学附属北京朝阳医院
1388,慈溪市人民医院
1389,镇海中医医院
1390,放射治疗中心
1391,上海中医药大学附属龙华医院
1392,东直门医院
1393,医学院附属医院
1394,昆明医科大学附属医院
1395,上海交通大学附属第九人民医院
1396,莆田市第，医院
1397,高阳湘雅医院
1398,西安医学院第一附属医院
1399,安康市中医医院
1400,宝鸡市中医医院
1401,凉市人民医院
1402,首都儿科研究所附属儿童医院
1403,讲量中心晕远程联盟
1404,方舱医院
1405,华中科技大学同济医院
1406,阜阳市肿瘤医院
1407,福建省建瓯市立医院
1408,中国科学，附属第，医院
1409,中国科学技术，附属第一医院
1410,中国医学科学院肿控医院
1411,浙江长兴县人民医院
1412,江西景德镇市第二人民医院
1413,浙江温岭第二人民医院
1414,吉林油田总医院
1415,影像中心
1416,•首都医科大学宣武医院
1417,彼得·詹尼塔脑神经疾病中心
1418,辽宁省核工业总医院
1419,东莞光华医院
1420,鞍山市中心医院
1421,晋江市安海医院
1422,古田县医院
1423,中国医科大学附属第，医院医院
1424,起学影像诊断中心
1425,第四医院
1426,徐州市肿瘤医院
1427,长春市双阳区医院
1428,县中医院
1429,静安区中心
1430,赵重波复旦大学华山医院
1431,许春伟金陵医院
1432,中国医院
1433,中山大学附属肿瘤中心
1434,/齐鲁医院
1435,中国医学科学院肿瘤医院深圳医院
1436,中国医学科学院肿瘤，医院深圳医院
1437,南宁市第一人民医院
1438,第八医学中心
1439,解放军总院第八医学中心
1440,上虞人民医院
1441,南昌大学-附院肿瘤中心
1442,甘肃省肿瘤医院
1443,天津医科大神经外科研究所
1444,304医院
1445,国家远程医疗与互联网医学中心皮肤科专委会
1446,第六附属医院
1447,福州肺科医院
1448,寿光市中医院
1449,路中潍坊医学院附属医院
1450,高密市人民医院
1451,潍坊市第二人民医院
1452,骆肖群华山医院
1453,中国医学科学院整形医院
1454,唐山市人民医院
1455,唐山市工人医院
1456,广州番昌，区中心医院
1457,川省肿瘤医院
1458,杭州市第七人民医院
1459,深圳市康宁医院
1460,南京医科大学附属脑科医院
1461,百都里大学附属北京大坛医院
1462,中国医学科学院血液病医院
1463,癌症和相关疾病治疗纪念医院
1464,郑州市第三人民医院
1465,江门市，中心医院
1466,广州医科大学第三附属医院
1467,辽宁医学院附属第一医院
1468,锦州医科大学附属第一医院
1469,深圳第二人民医院
1470,河北工程大学附属医院
1471,复旦大学时属中山医院
1472,中国医科大学航空，总医院
1473,闵行区肿瘤医院
1474,北京大学国际肿瘤医院
1475,滕州市中心人民医院
1476,重庆市人民医院
1477,董立鹏整形美容外科医院
1478,广州陆总医院
1479,福建师范大学医学光电技术研究中心
1480,白求恩国际和平医院
1481,杭州邵逸夫医院
1482,河北人民医院
1483,脑科医院
1484,重庆市南郊医院
1485,南京医科大学附属肿瘤医院
1486,新疆维吾尔自治区肿瘤医院
1487,河南省新乡市中心医院
1488,上海市松江区中心医院
1489,疾病研究中心
1490,成都医学院第一附属医院四川大学华西医院成都市第二人民医院
1491,济南市中心医院
1492,中国科技大学附属第一医院
1493,郑州大学附属第一医院
1494,北京东直门医院
1495,泰安市肿瘤医院
1496,眉山市中医院
1497,广西柳州医院
1498,晋中市中医院
1499,大理大学附属医院
1500,大理市第一人民医院
1501,广东省深圳市第四医院
1502,中国中医研究院广安门医院
1503,注射美容中心
1504,武汉市汉口医院
1505,山东省中医院
1506,天津市胸科医院
1507,医院第一附属医院
1508,汕头大学附属肿瘤医院
1509,齐齐哈尔市第一医院
1510,武汉市精神卫生中心
1511,上海市浦东新区人民医院
1512,县医院
1513,贵阳市第二人民医院
1514,省肿瘤医院
1515,医科院深圳肿瘤医院
1516,孙逸仙纪念医院
1517,东大学齐鲁医院
1518,北京大学，肿瘤医院
1519,赣南医学院第一附属医院
1520,川北医学院附属医院
1521,青岛海慈医院
1522,青岛第三人民医院
1523,青岛市中心医院
1524,青海红十字医院
1525,广东医科大学附属医院
1526,驻马店市第六人民医院
1527,杭州市富阳区第一人民医院
1528,沈阳市中西医结合医院
1529,联合丽格第一医院
1530,北京联合丽格第二医疗美容医院
1531,首都医科大学附属北京地坛医院
1532,地坛医院
1533,宁德市医院
1534,大连市第三人民医院
1535,-江宁医院
1536,安贞医院
1537,上海市交通大学附属仁济医院
1538,保定华仁白瘦风医院
1539,武汉协和骨科医院
1540,北京市房山区第一医院
1541,镇海人民医院
1542,北京联合丽格第一医疗美容医院
1543,東北京联合丽格第一医疗美容医院
1544,首都医科大学同仁医院
1545,東北京大学第三医院
1546,中医科学院广安门医院
1547,西医结合医院
1548,成都市第一人民医院
1549,武汉人民医院
1550,昆明市中医医院
1551,莆田市仙游县总医院
1552,上饶市人民医院
1553,中科技大学同济医学院附属协和医院
1554,泉州市第三医院
1555,台北亚东纪念医院
1556,广州医科大学附属第二医院
1557,傅裕北京医院
1558,湛江肿瘤医院
1559,附属第三医院
1560,中山大学，附属肿瘤医院
1561,北大肿瘤医院
1562,德阳市人民医院
1563,十堰市太和医院
1564,湖北十堰太和医院
1565,温州医科大学附属第二医院
1566,中国中医科学院西苑医院
1567,帕云医疗专科互联网医院
1568,中国科学院电子学研究所
1569,浙江省皮肤病医院
1570,天台县人民医院
1571,衢州市人民医院
1572,海宁市人民医院
1573,国家脑血管病疑难病提升工程多中心
1574,厦门海沧医院
1575,苏州市立医院
1576,江苏盛泽医院
1577,附属苏州九龙医院
1578,博整超级医院
1579,青岛大学医学院附属医院
1580,聊城市第三人民医院
1581,附属中心医院
1582,福州市第二医院
1583,漳州市中医院
1584,空特医中心皮肤科
1585,空特医中心病理科
1586,卢传坚广东中医院
1587,汕头大学医学院第二附属医院
1588,湖南省中医药研究院附属医院
1589,山西省晋中市第二人民医院
1590,成都铜雀台医学美容医院
1591,温州星范整形医院
1592,保定玲润眼奥整形医院
1593,珠一医院
1594,杭州美莱整形医院
1595,深圳梵天医疗美容医院
1596,辽宁省人民医院
1597,军61医院
1598,安徽省滁州市第一人民医院
1599,湛江中心人民医院
1600,深圳市罗湖区人民医院
1601,钱海蓉解放军总医院
1602,四川大学华西医院贵州医科大学附属医院贵州医科大学附属医院
1603,欧亚男青岛市市立医院
1604,西安交学附属红会医院
1605,沧州中西医结合医院
1606,河北大学附属医院
1607,南翔医院
1608,西川省人民医院
1609,附属三峡医院
1610,重庆大学，附属肿瘤医院
1611,淄博美联臣医疗美容医院
1612,南京市中医院
1613,堡大学附属医院
1614,山西省中医院
1615,宣武医院联盟医院
1616,德化县医院
1617,永春县医院
1618,晋江市医院
1619,协和肿瘤中心团队
1620,协和肿瘤中心
1621,辽宁省葫芦岛市中心医院
1622,浙江萧山医院
1623,河南省人民医院脑血管病医院
1624,附属西京医院
1625,北京博爱医院
1626,黄河三门峡医院
1627,建阳中医院
1628,福州市第六医院
1629,北京神经外科研究所神经电生理室
1630,第二军医大学附属，长海医院
1631,第二军，医大学附属长海医院
1632,禹城市中医院
1633,无锡人民医院
1634,深圳市中医院
1635,山东大学齐鲁医院江苏省人民医院
1636,北京华信医院
1637,中医院
1638,大同市第三大民医院
1639,同市第三大民医院
1640,山西医大大学第一医院
1641,张嘉天坛医院
1642,石家庄市中医院
1643,天津安定医院
1644,广州市妇女儿童医疗中心
1645,华中科技大学同济医学院附属武汉儿童医院
1646,中科院神经科学研究所
1647,CAAE癫病中心
1648,成都市公共卫生临床医疗中心
1649,苏州大学神经科学研究所
1650,陆军军医大学第二附属医院
1651,第三附属医院
1652,湖北省武汉市第一医院
1653,|附属同济医院
1654,天津静海区医院
1655,镇江市第四人民医院
1656,北京中医药大学第三附属医院
1657,徐丽北京中医药大学枣庄医院
1658,民航总医院
1659,家圳市第一中心医药验西三科
1660,浙二医院
1661,安徽医科大学第二附属医院
1662,川大华西医院
1663,河南鹿邑县人民医院
1664,武汉市武昌医院
1665,上海市，胸科医院
1666,附属中山医院徐汇医院
1667,曙光医院
1668,香港中文大学威尔斯亲王医院
1669,温州医学院附属第一医院
1670,广东省，中医院
1671,江门市医院
1672,深圳南山医院
1673,毛颖（复旦大学华山医院
1674,黑龙江省医院皮肤病医院
1675,中华中医药学会医院
1676,脑卒中防治工程委员会市县医院
1677,国家卒中中心管理指导委员会急救地图工作委员会
1678,北京市急救中心
1679,岳阳市一人民医院
1680,科大学宣武医院
1681,中国人民解放军中部战区总医院
1682,中国科学院上海药物研究所
1683,朝阳市中心医院
1684,同济大学癌症中心
1685,省人民医院
1686,松原吉林油田医院
1687,东莞东华医院
1688,北京中医药大学附属东直门医院
1689,山西省运城市中医医院
1690,岛市妇儿医院
1691,安定医院
1692,天津市第四中心医院
1693,厦门174医院
1694,沈阳医学院附属中心医院
1695,附属第四医院
1696,龙游县人民医院
1697,武汉特勤疗养中心四区保健疗养科
1698,美国MD安德森癌症中心
1699,广西医科大学，一附属医院
1700,玉林市第一人民医院
1701,第四军医大学附属西京医院
1702,南京军区福州总医院
1703,安徽省胸科医院
1704,中国广州分析测试中心
1705,二医院
1706,上海华美医疗美容医院
1707,县人民医院
1708,北京大学流行病学统计中心
1709,泰达医院
1710,山东省医学影像学研究所磁共振介人科
1711,永泰县医院
1712,广州三甲医院
1713,安阳市人民医院
1714,福建省福州肺科医院
1715,榆林市第一医院
1716,建医科大学总医院
1717,山东，大学齐鲁儿童医院
1718,北京黄寺医院
1719,蓝天医疗美容医院
1720,武汉一美医院
1721,威海市立医院
1722,广州市番禺中心医院
1723,苏州大学，附属第二医院
1724,陕西汉中市中心医院
1725,日大学附属华山医院
1726,龙岩市第二医院
1727,福建省莆田学院附属医院
1728,南平市人民医院
1729,国家呼吸医学中心
1730,国家心血管医学中心
1731,国家肿瘤医学中心
1732,一人民医院
1734,北京解放军总医院
1735,安徽省第二人民医院
1736,天津市第二医院
1737,张家口市第一医院
1738,呼和浩特市蒙医中医医院
1739,内蒙古医科大学第二附属医院
1740,包头市第八医院
1741,内蒙古自治区肿瘤医院
1742,大连市友谊医院
1743,辽宁省疾病预防控制中心
1744,锦州医科大学附属第三医院
1745,宁安市人民医院
1746,齐齐哈尔医学院附属第二医院
1747,上海中医大学附属岳阳中西医结合医院
1748,常熟市第一人民医院
1749,江苏大学附属医院
1750,浙江树兰（杭州）医院
1751,温州市人民医院
1752,杭州红十字会医院
1753,浙江省疾病预防控制中心
1754,龙岩市第一医院
1755,南昌大学第四附属医院
1756,曹县人民医院
1757,济南市第三人民医院
1758,安阳市第三人民医院
1759,郑州大学第二附属医院
1760,咸宁市中心医院
1761,武汉市儿童医院
1762,武汉市第六医院
1763,武汉市武昌区首义路街社区卫生服务中心
1764,鄂州市中医医院
1765,湖北省长江航运总医院
1766,武汉市肺科医院
1767,荆门市疾病预防控制中心
1768,华润武钢总医院
1769,武汉市黄陂区人民医院
1770,湖北省中西医结合医院
1771,武汉市红十字会医院
1772,湖北省六七二中西医结合骨科医院
1773,天门市第一人民医院
1774,潜江市中心医院
1775,武汉市金银潭医院
1776,湖北省疾病预防控制中心传染病防治研究所
1777,随州市疾病预防控制中心传染病防治所
1778,华中科技大学同济医学院附属梨园医院
1779,武汉市蔡甸区人民医院
1780,武汉亚心总医院
1781,武汉市汉南区人民医院
1782,十堰市人民医院
1783,武汉市第四医院
1784,荆州市第二人民医院
1785,鄂州市中心医院
1786,武汉市第三医院
1787,黄冈市中心医院
1788,随州市中心医院
1789,怀化市第二人民医院
1790,怀化市第一人民医院
1791,衡阳市中心医院
1792,东莞市茶山医院
1793,揭阳市普宁市人民医院
1794,广西医科大学第二附属医院
1795,璧山区人民医院
1796,重庆市急救医疗中心
1797,合川区人民医院
1798,德阳市族阳区中医院
1799,广元市中心医院
1800,贵州医科大学第二附属医院
1801,贵州中医药大学第二附属医院
1802,安顺市中医院
1803,云南省中医医院
1804,云南省第三人民医院
1805,甘肃省中医院
1806,和田地区人民医院
1807,第五师医院
1808,石河子大学医学院第一附属医院
1809,中国疾病预防控制中心
1810,徐州市第一人民医院
1811,浙江化医院
1812,潍市人民医院
1813,温州大学第一附属医院
1814,郑州大学第一，附属医院
1815,解放军总医院海军军医大学附属长征医院北京友谊医院
1816,英德市东华医院
1817,秦建文·天津河科医院
1818,同济大学附属肺科医院
1819,台北医学大学附设医院
1820,延安市人民医院
1821,北京办和医院
1822,西安交通大学第一，附属医院
1823,保定市儿童医院
1824,北京市海淀医院
1825,首都医科大学石景山教学医院
1826,東北京大学医学部中医院
1827,北京丰台右安门医院
1828,北京妇产医院
1829,广东省河源市人民医院
1830,台州市中心医院
1831,上海市东方医院同济大学附属东方医院
1832,甘肃省康复中心医院
1833,上海市同济大学附属同济医院
1834,南京医科大学附属常州市第二人民医院
1835,晓昆海军总医院
1836,太仓市第一人民医院
1837,荷兰鹿特丹伊拉斯姆斯医学中心
1838,俞海复旦大学附属华山医院
1839,黄鑫首都医科大学附属北京路河医院
1840,淮安市第一人民医院
1841,湖北省荆州市中心医院
1842,南华大学附属第二医院
1843,广州市红十字会医院
1844,中山大学第一医院
1845,江苏省肿理医院
1846,西安市红会医院
1847,第九四O医院
1848,贵州省肿瘤医院
1849,国现自行研究中心
1850,苏省人民医院
1851,安康市中心医院
1852,-华山医院
1853,石家庄市第二人医院
1854,平安医院
1855,会计核算中心
1856,中心医院
1857,辽宁省东港市中心医院
1858,湘西自治州人民医院
1859,美国佛罗里达医院
1860,第五人民医院
1861,徐州仁慈医院
1862,右安门医院
1863,国家传染病诊断试剂与疫苗工程研究中心
1864,空军军以大学唐都医院
1865,解放军第七医学中心
1866,宁波华美医院
1867,四川大学华西第二医院
1868,协同三甲医院
1869,新疆肿瘤医院
1870,上海国际医学中心康复医学科
1871,浙江大学医学院附属浙江医院
1872,上海市浦东医院
1873,复旦华，山医院
1874,贵州医科大学附属医院
1875,苏茵北京大学人民医院
1876,郑州大学附属儿童医院
1877,@环湖医院
1878,环湖医院
1879,神空调尚@环湖医院
1880,乌鲁木齐市中医院
1881,台安医院
1882,第105医院
1883,徐汇区大华医院
1884,岳阳医院
1885,西安叶子医疗美容医院
1886,重庆美莱整形美容医院
1887,光医疗美容医院
1888,来正医院
1889,胜病医院
1890,中科院生物物理研究所
1891,泗阳县人民医院
1892,复旦大学附属静安区中心医院
1893,中国人）人民解放军总医院
1894,上海复旦大学附属华东医院
1895,中国东南大学附属中大医院
1896,龙浩中山大学附属肿瘤医院
1897,广东医院
1898,大学第一附属医院
1899,朱卫复旦大学附属中山医院
1900,清华大学第一附属医院
1901,山东齐鲁医院
1902,武汉火神山医院
1903,复旦儿科医院
1904,第二军医大学附属公利医院
1905,第二军医大学附属浦东新区公利医院
1906,中国科学院上海药物研究所药物质量控制中心
1907,中国药科大学南京国家新药筛选中心
1908,上海科技大学免疫化学研究所
1909,湖北省洪湖市中医医院
1910,上海中医药大学附属市中医医院
1911,属本十人民医院
1912,斯隆一凯特琳癌症中心
1913,姑息治疗促进中心
1914,希望之城医疗中心
1915,中国医科大学附属第四医院
1916,汶上县人民医院
1917,医院保卫科
1918,蚌埠医学院第一附属医院
1919,浙江省中医药大学附属第一医院
1920,牡丹江医学院附属红旗医院
1921,江苏省杭州醉美桃花源医疗美容医院
1922,山东省干佛山医院
1923,折江省肿瘤医院
1924,西京脑科医院
1925,Chih-WeiChiliLiTaipei）彤颜医学美容中心
1926,辛中中心
1927,大肠肿瘤诊治中心
1928,山西省精神卫生中心
1929,长春市第六医院
1930,广州医科大学神经科学研究所
1931,河北省儿童医院
1932,陆军军医大学附属第二医院
1933,潘军南方医科大学南方医院
1934,烟台市烟台山医院
1935,郑州儿童医院
1936,学研究所
1937,肿瘤医院深圳医院
1938,中国人民解放军联勤保障部队第九六O医院
1939,个核工业416医院
1940,国科大华美医院
1941,-台湾亚东医院
1942,上海市奉贤区中医医院
1943,中国皮肤影像中心网络
1944,费城福克斯切斯癌症中心
1945,福清市医院
1946,中国医学科学院&北京协和医学院药物研究所
1947,埃里希·宝隆医院
1948,天津中医药大学第一附属医院
1949,同济大学附属上海皮肤病医院
1950,皮肤光医学无创诊断中心
1951,上海交通大学医学院附属培金医院
1952,大连医科大学附属第二医院大连医科大学附属第二医院大连市金州区第一人民医院
1953,中国人民解放军东部区总医院
1954,中国人民解放军东部战区总医院
1955,湖南省湘雅医院
1956,曲靖市中医医院
1957,刘彬满婷新媒体电商中心
1958,南阳市中心医院
1959,安阳市肿瘤医院
1960,焦作煤业集团中央医院
1961,宁波市鄞州第二医院
1962,平阳县人民医院
1963,上海龙华医院
1964,大连市第七人民医院
1965,李民医学模拟中心
1966,台湾长庚儿童医院
1967,中国科学医学院血液病医院
1968,北京脑重大疾病研究院脑肿瘤研究所
1969,中国人民解放军第四五五医院
1970,人学皮肤病医院
1971,武汉市疾病预防控制中心
